Date,Narration,Withdrawal,Deposit,Balance,Category
01-05-2025,NEFT CR-SALARY-ACME TECH PVT LTD,,125000,203500,Income
02-05-2025,NEFT DR-RENT-PROP MGMT,22000,,181500,Housing
03-05-2025,ACH DR-HDFC HOME LOAN EMI,28500,,153000,EMI
05-05-2025,ACH DR-SBI MF SIP GROWTH,10000,,143000,Investments
07-05-2025,BILLPAY-CREDIT CARD HDFC,20238,,122762,Bills
08-05-2025,UPI/NETFLIX.COM,649,,122113,Entertainment
08-05-2025,UPI/SPOTIFY,119,,121994,Entertainment
10-05-2025,UPI/SWIGGY,224,,121770,Food
11-05-2025,UPI/AMAZON PAY,3145,,118625,Shopping
11-05-2025,UPI/DMART,2178,,116447,Groceries
11-05-2025,UPI/PETROL PUMP HP,2110,,114337,Transport
12-05-2025,BESCOM ELECTRICITY BILL,1214,,113123,Utilities
12-05-2025,UPI/FLIPKART,5219,,107904,Shopping
12-05-2025,UPI/MCDONALDS,357,,107547,Food
13-05-2025,UPI/DMART,713,,106834,Groceries
13-05-2025,UPI/ZOMATO,606,,106228,Food
15-05-2025,UPI/JIO PREPAID RECHARGE,749,,105479,Utilities
15-05-2025,UPI/SWIGGY,508,,104971,Food
15-05-2025,UPI/PETROL PUMP HP,1568,,103403,Transport
16-05-2025,UPI/MCDONALDS,401,,103002,Food
18-05-2025,UPI/DOMINOS,436,,102566,Food
18-05-2025,UPI/MCDONALDS,433,,102133,Food
18-05-2025,UPI/SWIGGY,295,,101838,Food
18-05-2025,UPI/UBER TRIP,352,,101486,Transport
20-05-2025,UPI/HOSPITAL,3029,,98457,Health
21-05-2025,UPI/BIGBASKET,3088,,95369,Groceries
21-05-2025,UPI/MYNTRA,1239,,94130,Shopping
22-05-2025,UPI/AMAZON PAY,1612,,92518,Shopping
22-05-2025,UPI/APOLLO PHARMACY,433,,92085,Health
22-05-2025,UPI/BIGBASKET,1013,,91072,Groceries
23-05-2025,UPI/MCDONALDS,227,,90845,Food
26-05-2025,UPI/ZOMATO,561,,90284,Food
28-05-2025,UPI/DMART,942,,89342,Groceries
30-05-2025,UPI/DMART,1923,,87419,Groceries
01-06-2025,NEFT CR-SALARY-ACME TECH PVT LTD,,125000,212419,Income
02-06-2025,NEFT DR-RENT-PROP MGMT,22000,,190419,Housing
03-06-2025,ACH DR-HDFC HOME LOAN EMI,28500,,161919,EMI
05-06-2025,ACH DR-SBI MF SIP GROWTH,10000,,151919,Investments
07-06-2025,BILLPAY-CREDIT CARD HDFC,15542,,136377,Bills
08-06-2025,UPI/NETFLIX.COM,649,,135728,Entertainment
08-06-2025,UPI/SPOTIFY,119,,135609,Entertainment
10-06-2025,UPI/FLIPKART,1204,,134405,Shopping
10-06-2025,UPI/MCDONALDS,388,,134017,Food
10-06-2025,UPI/MYNTRA,2417,,131600,Shopping
12-06-2025,BESCOM ELECTRICITY BILL,1316,,130284,Utilities
13-06-2025,UPI/DMART,1175,,129109,Groceries
13-06-2025,UPI/SWIGGY,252,,128857,Food
14-06-2025,UPI/BLINKIT,637,,128220,Groceries
14-06-2025,UPI/CAFE COFFEE DAY,194,,128026,Food
14-06-2025,UPI/MYNTRA,1147,,126879,Shopping
15-06-2025,UPI/JIO PREPAID RECHARGE,749,,126130,Utilities
16-06-2025,UPI/APOLLO PHARMACY,899,,125231,Health
17-06-2025,UPI/HOSPITAL,1174,,124057,Health
18-06-2025,NEFT DR-INSURANCE LIC PREMIUM,5200,,118857,EMI
19-06-2025,UPI/FLIPKART,1893,,116964,Shopping
20-06-2025,UPI/MCDONALDS,224,,116740,Food
20-06-2025,UPI/PETROL PUMP HP,642,,116098,Transport
21-06-2025,UPI/CAFE COFFEE DAY,181,,115917,Food
22-06-2025,UPI/CAFE COFFEE DAY,368,,115549,Food
22-06-2025,UPI/CAFE COFFEE DAY,287,,115262,Food
23-06-2025,UPI/MCDONALDS,464,,114798,Food
23-06-2025,UPI/ZOMATO,558,,114240,Food
24-06-2025,IRCTC TICKET BOOKING,2118,,112122,Transport
24-06-2025,UPI/BLINKIT,303,,111819,Groceries
25-06-2025,UPI/AMAZON PAY,3764,,108055,Shopping
25-06-2025,UPI/APOLLO PHARMACY,375,,107680,Health
26-06-2025,UPI/CAFE COFFEE DAY,190,,107490,Food
26-06-2025,UPI/DMART,2253,,105237,Groceries
26-06-2025,UPI/ZOMATO,496,,104741,Food
27-06-2025,ATM WDL-XXXX1234,3381,,101360,General
27-06-2025,UPI/BIGBASKET,2827,,98533,Groceries
27-06-2025,UPI/BLINKIT,1158,,97375,Groceries
27-06-2025,UPI/FLIPKART,1492,,95883,Shopping
27-06-2025,UPI/ZOMATO,523,,95360,Food
28-06-2025,UPI/AMAZON PAY,4288,,91072,Shopping
29-06-2025,UPI/MYNTRA,1942,,89130,Shopping
30-06-2025,ATM WDL-XXXX1234,2353,,86777,General
30-06-2025,UPI/BIGBASKET,1606,,85171,Groceries
30-06-2025,UPI/RAPIDO,95,,85076,Transport
01-07-2025,NEFT CR-SALARY-ACME TECH PVT LTD,,125000,210076,Income
02-07-2025,NEFT DR-RENT-PROP MGMT,22000,,188076,Housing
03-07-2025,ACH DR-HDFC HOME LOAN EMI,28500,,159576,EMI
05-07-2025,ACH DR-SBI MF SIP GROWTH,10000,,149576,Investments
07-07-2025,BILLPAY-CREDIT CARD HDFC,19677,,129899,Bills
08-07-2025,UPI/NETFLIX.COM,649,,129250,Entertainment
08-07-2025,UPI/SPOTIFY,119,,129131,Entertainment
11-07-2025,UPI/AMAZON PAY,2817,,126314,Shopping
11-07-2025,UPI/CAFE COFFEE DAY,309,,126005,Food
11-07-2025,UPI/MYNTRA,2820,,123185,Shopping
11-07-2025,UPI/SWIGGY,369,,122816,Food
12-07-2025,ATM WDL-XXXX1234,6051,,116765,General
12-07-2025,ATM WDL-XXXX1234,4515,,112250,General
12-07-2025,BESCOM ELECTRICITY BILL,1690,,110560,Utilities
12-07-2025,UPI/BIGBASKET,3301,,107259,Groceries
12-07-2025,UPI/ZOMATO,466,,106793,Food
13-07-2025,UPI/DOMINOS,487,,106306,Food
13-07-2025,UPI/MCDONALDS,168,,106138,Food
14-07-2025,UPI/FLIPKART,1625,,104513,Shopping
15-07-2025,UPI/BIGBASKET,1823,,102690,Groceries
15-07-2025,UPI/BLINKIT,666,,102024,Groceries
15-07-2025,UPI/CAFE COFFEE DAY,198,,101826,Food
15-07-2025,UPI/JIO PREPAID RECHARGE,749,,101077,Utilities
16-07-2025,UPI/CAFE COFFEE DAY,146,,100931,Food
16-07-2025,UPI/RELIANCE FRESH,1351,,99580,Groceries
17-07-2025,UPI/CAFE COFFEE DAY,340,,99240,Food
18-07-2025,UPI/RELIANCE FRESH,1419,,97821,Groceries
19-07-2025,UPI/RELIANCE FRESH,865,,96956,Groceries
21-07-2025,UPI/CAFE COFFEE DAY,239,,96717,Food
25-07-2025,ATM WDL-XXXX1234,5017,,91700,General
26-07-2025,UPI/HOSPITAL,740,,90960,Health
27-07-2025,UPI/MYNTRA,2587,,88373,Shopping
27-07-2025,UPI/ZOMATO,469,,87904,Food
28-07-2025,UPI/APOLLO PHARMACY,409,,87495,Health
01-08-2025,NEFT CR-SALARY-ACME TECH PVT LTD,,125000,212495,Income
02-08-2025,NEFT DR-RENT-PROP MGMT,22000,,190495,Housing
03-08-2025,ACH DR-HDFC HOME LOAN EMI,28500,,161995,EMI
05-08-2025,ACH DR-SBI MF SIP GROWTH,10000,,151995,Investments
07-08-2025,BILLPAY-CREDIT CARD HDFC,19282,,132713,Bills
08-08-2025,UPI/NETFLIX.COM,649,,132064,Entertainment
08-08-2025,UPI/SPOTIFY,119,,131945,Entertainment
10-08-2025,UPI/SWIGGY,395,,131550,Food
11-08-2025,UPI/APOLLO PHARMACY,474,,131076,Health
11-08-2025,UPI/FLIPKART,619,,130457,Shopping
12-08-2025,ATM WDL-XXXX1234,7670,,122787,General
12-08-2025,BESCOM ELECTRICITY BILL,1423,,121364,Utilities
12-08-2025,UPI/AMAZON PAY,3037,,118327,Shopping
12-08-2025,UPI/DOMINOS,834,,117493,Food
13-08-2025,UPI/MCDONALDS,176,,117317,Food
15-08-2025,UPI/INDEPENDENCE DAY SALE,2800,,114517,Shopping
15-08-2025,UPI/JIO PREPAID RECHARGE,749,,113768,Utilities
16-08-2025,UPI/DMART,2081,,111687,Groceries
16-08-2025,UPI/DOMINOS,718,,110969,Food
16-08-2025,UPI/PETROL PUMP HP,1864,,109105,Transport
17-08-2025,UPI/DOMINOS,496,,108609,Food
18-08-2025,UPI/BLINKIT,404,,108205,Groceries
19-08-2025,UPI/DOMINOS,437,,107768,Food
19-08-2025,UPI/MCDONALDS,364,,107404,Food
20-08-2025,UPI/CAFE COFFEE DAY,380,,107024,Food
21-08-2025,UPI/APOLLO PHARMACY,762,,106262,Health
26-08-2025,UPI/FLIPKART,3238,,103024,Shopping
26-08-2025,UPI/ZOMATO,359,,102665,Food
27-08-2025,UPI/APOLLO PHARMACY,891,,101774,Health
27-08-2025,UPI/BIGBASKET,1220,,100554,Groceries
29-08-2025,UPI/DMART,984,,99570,Groceries
30-08-2025,UPI/AMAZON PAY,4419,,95151,Shopping
31-08-2025,UPI/BIGBASKET,3006,,92145,Groceries
31-08-2025,UPI/DMART,738,,91407,Groceries
31-08-2025,UPI/ZOMATO,587,,90820,Food
01-09-2025,NEFT CR-SALARY-ACME TECH PVT LTD,,125000,215820,Income
02-09-2025,NEFT DR-RENT-PROP MGMT,22000,,193820,Housing
03-09-2025,ACH DR-HDFC HOME LOAN EMI,28500,,165320,EMI
05-09-2025,ACH DR-SBI MF SIP GROWTH,10000,,155320,Investments
07-09-2025,BILLPAY-CREDIT CARD HDFC,17897,,137423,Bills
08-09-2025,UPI/NETFLIX.COM,649,,136774,Entertainment
08-09-2025,UPI/SPOTIFY,119,,136655,Entertainment
11-09-2025,UPI/DMART,749,,135906,Groceries
12-09-2025,BESCOM ELECTRICITY BILL,1898,,134008,Utilities
13-09-2025,UPI/BIGBASKET,3168,,130840,Groceries
13-09-2025,UPI/MYNTRA,1840,,129000,Shopping
15-09-2025,UPI/DMART,1835,,127165,Groceries
15-09-2025,UPI/JIO PREPAID RECHARGE,749,,126416,Utilities
16-09-2025,UPI/HOSPITAL,1593,,124823,Health
16-09-2025,UPI/MYNTRA,1488,,123335,Shopping
17-09-2025,UPI/CAFE COFFEE DAY,176,,123159,Food
17-09-2025,UPI/ZOMATO,719,,122440,Food
17-09-2025,UPI/ZOMATO,214,,122226,Food
18-09-2025,NEFT DR-INSURANCE LIC PREMIUM,5200,,117026,EMI
18-09-2025,UPI/BIGBASKET,1748,,115278,Groceries
18-09-2025,UPI/ZOMATO,296,,114982,Food
19-09-2025,UPI/RAPIDO,120,,114862,Transport
19-09-2025,UPI/PETROL PUMP HP,1514,,113348,Transport
20-09-2025,UPI/PETROL PUMP HP,1746,,111602,Transport
21-09-2025,UPI/CAFE COFFEE DAY,205,,111397,Food
21-09-2025,UPI/RELIANCE FRESH,1201,,110196,Groceries
22-09-2025,UPI/APOLLO PHARMACY,861,,109335,Health
22-09-2025,UPI/SWIGGY,590,,108745,Food
22-09-2025,UPI/ZOMATO,397,,108348,Food
23-09-2025,UPI/DOMINOS,791,,107557,Food
23-09-2025,UPI/FLIPKART,3874,,103683,Shopping
23-09-2025,UPI/MCDONALDS,491,,103192,Food
23-09-2025,UPI/MYNTRA,805,,102387,Shopping
23-09-2025,UPI/ZOMATO,215,,102172,Food
27-09-2025,UPI/RELIANCE FRESH,764,,101408,Groceries
01-10-2025,NEFT CR-SALARY-ACME TECH PVT LTD,,125000,226408,Income
02-10-2025,NEFT DR-RENT-PROP MGMT,22000,,204408,Housing
03-10-2025,ACH DR-HDFC HOME LOAN EMI,28500,,175908,EMI
05-10-2025,ACH DR-SBI MF SIP GROWTH,10000,,165908,Investments
07-10-2025,BILLPAY-CREDIT CARD HDFC,20042,,145866,Bills
08-10-2025,UPI/NETFLIX.COM,649,,145217,Entertainment
08-10-2025,UPI/SPOTIFY,119,,145098,Entertainment
10-10-2025,UPI/HOSPITAL,3070,,142028,Health
10-10-2025,UPI/HOSPITAL,3328,,138700,Health
10-10-2025,UPI/UBER TRIP,248,,138452,Transport
11-10-2025,UPI/FLIPKART,1717,,136735,Shopping
11-10-2025,UPI/RELIANCE FRESH,1013,,135722,Groceries
12-10-2025,BESCOM ELECTRICITY BILL,1682,,134040,Utilities
12-10-2025,UPI/DOMINOS,800,,133240,Food
14-10-2025,UPI/ZOMATO,215,,133025,Food
15-10-2025,UPI/JIO PREPAID RECHARGE,749,,132276,Utilities
16-10-2025,UPI/AMAZON PAY,757,,131519,Shopping
16-10-2025,UPI/MCDONALDS,401,,131118,Food
17-10-2025,UPI/AMAZON PAY,2032,,129086,Shopping
17-10-2025,UPI/FLIPKART,2067,,127019,Shopping
17-10-2025,UPI/HOSPITAL,1965,,125054,Health
19-10-2025,UPI/SWIGGY,315,,124739,Food
20-10-2025,UPI/FLIPKART,3530,,121209,Shopping
22-10-2025,UPI/AMAZON PAY GIFTS,7404,,113805,Shopping
22-10-2025,UPI/DOMINOS,651,,113154,Food
22-10-2025,UPI/FLIPKART,5486,,107668,Shopping
23-10-2025,UPI/BIGBASKET,1391,,106277,Groceries
23-10-2025,UPI/UBER TRIP,298,,105979,Transport
24-10-2025,UPI/BIGBASKET,1160,,104819,Groceries
24-10-2025,UPI/DMART,1909,,102910,Groceries
24-10-2025,UPI/DOMINOS,593,,102317,Food
24-10-2025,UPI/FLIPKART,1018,,101299,Shopping
24-10-2025,UPI/RAPIDO,169,,101130,Transport
24-10-2025,UPI/SWIGGY,375,,100755,Food
25-10-2025,UPI/BLINKIT,705,,100050,Groceries
25-10-2025,UPI/CAFE COFFEE DAY,232,,99818,Food
25-10-2025,UPI/MYNTRA,2492,,97326,Shopping
25-10-2025,UPI/ZOMATO,567,,96759,Food
26-10-2025,UPI/ZOMATO,484,,96275,Food
27-10-2025,UPI/FLIPKART,1035,,95240,Shopping
27-10-2025,UPI/RELIANCE FRESH,891,,94349,Groceries
28-10-2025,UPI/CAFE COFFEE DAY,290,,94059,Food
30-10-2025,UPI/AMAZON PAY,1609,,92450,Shopping
30-10-2025,UPI/BLINKIT,919,,91531,Groceries
31-10-2025,UPI/MCDONALDS,372,,91159,Food
31-10-2025,UPI/RELIANCE FRESH,984,,90175,Groceries
31-10-2025,UPI/ZOMATO,251,,89924,Food
31-10-2025,UPI/ZOMATO,386,,89538,Food
01-11-2025,NEFT CR-SALARY-ACME TECH PVT LTD,,125000,214538,Income
02-11-2025,NEFT DR-RENT-PROP MGMT,22000,,192538,Housing
03-11-2025,ACH DR-HDFC HOME LOAN EMI,28500,,164038,EMI
05-11-2025,ACH DR-SBI MF SIP GROWTH,10000,,154038,Investments
07-11-2025,BILLPAY-CREDIT CARD HDFC,22429,,131609,Bills
08-11-2025,UPI/NETFLIX.COM,649,,130960,Entertainment
08-11-2025,UPI/SPOTIFY,119,,130841,Entertainment
10-11-2025,UPI/CAFE COFFEE DAY,330,,130511,Food
11-11-2025,UPI/MYNTRA,1737,,128774,Shopping
12-11-2025,BESCOM ELECTRICITY BILL,1503,,127271,Utilities
12-11-2025,UPI/APOLLO PHARMACY,443,,126828,Health
12-11-2025,UPI/BLINKIT,833,,125995,Groceries
13-11-2025,UPI/BLINKIT,927,,125068,Groceries
14-11-2025,UPI/FLIPKART,2952,,122116,Shopping
15-11-2025,UPI/BIGBASKET,3405,,118711,Groceries
15-11-2025,UPI/CAFE COFFEE DAY,134,,118577,Food
15-11-2025,UPI/JIO PREPAID RECHARGE,749,,117828,Utilities
16-11-2025,UPI/MCDONALDS,313,,117515,Food
17-11-2025,UPI/SWIGGY,274,,117241,Food
18-11-2025,UPI/CAFE COFFEE DAY,331,,116910,Food
18-11-2025,UPI/CAFE COFFEE DAY,354,,116556,Food
20-11-2025,UPI/CAFE COFFEE DAY,179,,116377,Food
20-11-2025,UPI/DOMINOS,769,,115608,Food
20-11-2025,UPI/MYNTRA,834,,114774,Shopping
21-11-2025,UPI/APOLLO PHARMACY,988,,113786,Health
21-11-2025,UPI/DMART,886,,112900,Groceries
21-11-2025,UPI/FLIPKART,972,,111928,Shopping
21-11-2025,UPI/SWIGGY,285,,111643,Food
22-11-2025,UPI/AMAZON PAY GIFTS,2928,,108715,Shopping
22-11-2025,UPI/RELIANCE FRESH,1436,,107279,Groceries
24-11-2025,UPI/RAPIDO,122,,107157,Transport
25-11-2025,UPI/FLIPKART,1170,,105987,Shopping
25-11-2025,UPI/MYNTRA,2055,,103932,Shopping
25-11-2025,UPI/RAPIDO,160,,103772,Transport
25-11-2025,UPI/ZOMATO,602,,103170,Food
26-11-2025,UPI/MYNTRA,3407,,99763,Shopping
26-11-2025,UPI/UBER TRIP,433,,99330,Transport
28-11-2025,UPI/BIGBASKET,869,,98461,Groceries
28-11-2025,UPI/DMART,2058,,96403,Groceries
28-11-2025,UPI/MCDONALDS,382,,96021,Food
28-11-2025,UPI/MYNTRA,1525,,94496,Shopping
29-11-2025,UPI/DMART,2353,,92143,Groceries
29-11-2025,UPI/FLIPKART,4964,,87179,Shopping
29-11-2025,UPI/SWIGGY,252,,86927,Food
29-11-2025,UPI/UBER TRIP,351,,86576,Transport
30-11-2025,UPI/FLIPKART,5415,,81161,Shopping
30-11-2025,UPI/SWIGGY,381,,80780,Food
30-11-2025,UPI/SWIGGY,199,,80581,Food
01-12-2025,NEFT CR-SALARY-ACME TECH PVT LTD,,125000,205581,Income
02-12-2025,NEFT DR-RENT-PROP MGMT,22000,,183581,Housing
03-12-2025,ACH DR-HDFC HOME LOAN EMI,28500,,155081,EMI
05-12-2025,ACH DR-SBI MF SIP GROWTH,10000,,145081,Investments
07-12-2025,BILLPAY-CREDIT CARD HDFC,19002,,126079,Bills
08-12-2025,UPI/NETFLIX.COM,649,,125430,Entertainment
08-12-2025,UPI/SPOTIFY,119,,125311,Entertainment
10-12-2025,UPI/DMART,2128,,123183,Groceries
12-12-2025,BESCOM ELECTRICITY BILL,1668,,121515,Utilities
13-12-2025,UPI/DMART,2415,,119100,Groceries
13-12-2025,UPI/DOMINOS,759,,118341,Food
13-12-2025,UPI/FLIPKART,5039,,113302,Shopping
13-12-2025,UPI/RELIANCE FRESH,1360,,111942,Groceries
13-12-2025,UPI/PETROL PUMP HP,2395,,109547,Transport
13-12-2025,UPI/ZOMATO,633,,108914,Food
15-12-2025,UPI/JIO PREPAID RECHARGE,749,,108165,Utilities
16-12-2025,UPI/ZOMATO,330,,107835,Food
17-12-2025,UPI/AMAZON PAY,974,,106861,Shopping
17-12-2025,UPI/DMART,1330,,105531,Groceries
18-12-2025,NEFT DR-INSURANCE LIC PREMIUM,5200,,100331,EMI
18-12-2025,UPI/AMAZON PAY,4264,,96067,Shopping
18-12-2025,UPI/APOLLO PHARMACY,843,,95224,Health
18-12-2025,UPI/BLINKIT,341,,94883,Groceries
18-12-2025,UPI/CAFE COFFEE DAY,206,,94677,Food
18-12-2025,UPI/CAFE COFFEE DAY,323,,94354,Food
19-12-2025,UPI/HOSPITAL,2206,,92148,Health
19-12-2025,UPI/MYNTRA,2067,,90081,Shopping
19-12-2025,UPI/SWIGGY,284,,89797,Food
19-12-2025,UPI/ZOMATO,598,,89199,Food
20-12-2025,UPI/FLIPKART,1596,,87603,Shopping
20-12-2025,UPI/MCDONALDS,273,,87330,Food
23-12-2025,UPI/DOMINOS,898,,86432,Food
24-12-2025,IMPS CR-FREELANCE CLIENT,,15030,101462,Income
24-12-2025,IRCTC TICKET BOOKING,1878,,99584,Transport
24-12-2025,UPI/CAFE COFFEE DAY,342,,99242,Food
24-12-2025,UPI/HOSPITAL,1392,,97850,Health
25-12-2025,UPI/DOMINOS,654,,97196,Food
25-12-2025,UPI/FLIPKART,1000,,96196,Shopping
25-12-2025,UPI/RESTAURANT XMAS,4200,,91996,Food
25-12-2025,UPI/ZOMATO,588,,91408,Food
27-12-2025,UPI/APOLLO PHARMACY,229,,91179,Health
27-12-2025,UPI/BIGBASKET,1589,,89590,Groceries
28-12-2025,UPI/AMAZON PAY,4297,,85293,Shopping
29-12-2025,UPI/RAPIDO,75,,85218,Transport
29-12-2025,UPI/PETROL PUMP HP,1440,,83778,Transport
30-12-2025,UPI/BLINKIT,1082,,82696,Groceries
31-12-2025,UPI/MYNTRA,945,,81751,Shopping
01-01-2026,NEFT CR-SALARY-ACME TECH PVT LTD,,125000,206751,Income
02-01-2026,NEFT DR-RENT-PROP MGMT,22000,,184751,Housing
03-01-2026,ACH DR-HDFC HOME LOAN EMI,28500,,156251,EMI
05-01-2026,ACH DR-SBI MF SIP GROWTH,10000,,146251,Investments
07-01-2026,BILLPAY-CREDIT CARD HDFC,18719,,127532,Bills
08-01-2026,UPI/NETFLIX.COM,649,,126883,Entertainment
08-01-2026,UPI/SPOTIFY,119,,126764,Entertainment
10-01-2026,UPI/RAPIDO,134,,126630,Transport
11-01-2026,UPI/HOSPITAL,1063,,125567,Health
12-01-2026,BESCOM ELECTRICITY BILL,1172,,124395,Utilities
12-01-2026,UPI/BIGBASKET,1418,,122977,Groceries
12-01-2026,UPI/CAFE COFFEE DAY,287,,122690,Food
14-01-2026,UPI/DOMINOS,389,,122301,Food
15-01-2026,UPI/BIGBASKET,2070,,120231,Groceries
15-01-2026,UPI/JIO PREPAID RECHARGE,749,,119482,Utilities
18-01-2026,UPI/RELIANCE FRESH,600,,118882,Groceries
18-01-2026,UPI/ZOMATO,673,,118209,Food
19-01-2026,UPI/CAFE COFFEE DAY,316,,117893,Food
19-01-2026,UPI/FLIPKART,4178,,113715,Shopping
19-01-2026,UPI/MCDONALDS,304,,113411,Food
19-01-2026,UPI/ZOMATO,557,,112854,Food
20-01-2026,UPI/AMAZON PAY,2147,,110707,Shopping
20-01-2026,UPI/FLIPKART,4219,,106488,Shopping
20-01-2026,UPI/RELIANCE FRESH,1064,,105424,Groceries
20-01-2026,UPI/PETROL PUMP HP,732,,104692,Transport
23-01-2026,UPI/ZOMATO,269,,104423,Food
25-01-2026,UPI/AMAZON PAY,1892,,102531,Shopping
25-01-2026,UPI/UBER TRIP,326,,102205,Transport
26-01-2026,UPI/DOMINOS,647,,101558,Food
26-01-2026,UPI/REPUBLIC DAY OUTING,1950,,99608,Food
27-01-2026,UPI/RAPIDO,50,,99558,Transport
30-01-2026,UPI/RELIANCE FRESH,1296,,98262,Groceries
30-01-2026,UPI/ZOMATO,289,,97973,Food
31-01-2026,UPI/BIGBASKET,3018,,94955,Groceries
31-01-2026,UPI/MCDONALDS,431,,94524,Food
01-02-2026,NEFT CR-SALARY-ACME TECH PVT LTD,,125000,219524,Income
02-02-2026,NEFT DR-RENT-PROP MGMT,22000,,197524,Housing
03-02-2026,ACH DR-HDFC HOME LOAN EMI,28500,,169024,EMI
05-02-2026,ACH DR-SBI MF SIP GROWTH,10000,,159024,Investments
07-02-2026,BILLPAY-CREDIT CARD HDFC,16667,,142357,Bills
08-02-2026,UPI/NETFLIX.COM,649,,141708,Entertainment
08-02-2026,UPI/SPOTIFY,119,,141589,Entertainment
10-02-2026,UPI/DMART,1151,,140438,Groceries
12-02-2026,BESCOM ELECTRICITY BILL,1373,,139065,Utilities
12-02-2026,UPI/BLINKIT,549,,138516,Groceries
12-02-2026,UPI/CAFE COFFEE DAY,183,,138333,Food
14-02-2026,ATM WDL-XXXX1234,4460,,133873,General
14-02-2026,UPI/MCDONALDS,475,,133398,Food
14-02-2026,UPI/RAPIDO,112,,133286,Transport
14-02-2026,UPI/RELIANCE FRESH,891,,132395,Groceries
14-02-2026,UPI/VALENTINE DINNER,3600,,128795,Food
15-02-2026,UPI/JIO PREPAID RECHARGE,749,,128046,Utilities
16-02-2026,UPI/FLIPKART,5896,,122150,Shopping
16-02-2026,UPI/RELIANCE FRESH,1414,,120736,Groceries
17-02-2026,UPI/MCDONALDS,398,,120338,Food
20-02-2026,UPI/RELIANCE FRESH,1428,,118910,Groceries
21-02-2026,UPI/FLIPKART,2395,,116515,Shopping
22-02-2026,UPI/MYNTRA,2029,,114486,Shopping
24-02-2026,UPI/SWIGGY,625,,113861,Food
24-02-2026,UPI/PETROL PUMP HP,699,,113162,Transport
24-02-2026,UPI/ZOMATO,531,,112631,Food
25-02-2026,ATM WDL-XXXX1234,6231,,106400,General
25-02-2026,UPI/CAFE COFFEE DAY,154,,106246,Food
25-02-2026,UPI/CAFE COFFEE DAY,394,,105852,Food
25-02-2026,UPI/ZOMATO,760,,105092,Food
26-02-2026,UPI/DOMINOS,738,,104354,Food
27-02-2026,UPI/DOMINOS,358,,103996,Food
28-02-2026,ATM WDL-XXXX1234,3992,,100004,General
28-02-2026,UPI/AMAZON PAY,2032,,97972,Shopping
28-02-2026,UPI/DMART,1834,,96138,Groceries
01-03-2026,NEFT CR-SALARY-ACME TECH PVT LTD,,125000,221138,Income
02-03-2026,NEFT DR-RENT-PROP MGMT,22000,,199138,Housing
03-03-2026,ACH DR-HDFC HOME LOAN EMI,28500,,170638,EMI
05-03-2026,ACH DR-SBI MF SIP GROWTH,10000,,160638,Investments
07-03-2026,BILLPAY-CREDIT CARD HDFC,16264,,144374,Bills
08-03-2026,UPI/NETFLIX.COM,649,,143725,Entertainment
08-03-2026,UPI/SPOTIFY,119,,143606,Entertainment
10-03-2026,UPI/DOMINOS,375,,143231,Food
12-03-2026,BESCOM ELECTRICITY BILL,1176,,142055,Utilities
12-03-2026,UPI/AMAZON PAY,2267,,139788,Shopping
13-03-2026,UPI/CAFE COFFEE DAY,333,,139455,Food
14-03-2026,UPI/RELIANCE FRESH,669,,138786,Groceries
15-03-2026,UPI/BLINKIT,458,,138328,Groceries
15-03-2026,UPI/JIO PREPAID RECHARGE,749,,137579,Utilities
16-03-2026,IMPS CR-FREELANCE CLIENT,,17106,154685,Income
17-03-2026,UPI/DOMINOS,761,,153924,Food
17-03-2026,UPI/SWIGGY,477,,153447,Food
18-03-2026,NEFT DR-INSURANCE LIC PREMIUM,5200,,148247,EMI
18-03-2026,UPI/CAFE COFFEE DAY,215,,148032,Food
19-03-2026,UPI/BIGBASKET,1768,,146264,Groceries
19-03-2026,UPI/FLIPKART,4259,,142005,Shopping
20-03-2026,NEFT DR-INCOME TAX ADVANCE,25000,,117005,Tax
20-03-2026,UPI/CAFE COFFEE DAY,296,,116709,Food
24-03-2026,UPI/RAPIDO,159,,116550,Transport
24-03-2026,UPI/SWIGGY,258,,116292,Food
25-03-2026,UPI/APOLLO PHARMACY,262,,116030,Health
27-03-2026,UPI/CAFE COFFEE DAY,130,,115900,Food
28-03-2026,UPI/FLIPKART,2215,,113685,Shopping
28-03-2026,UPI/RAPIDO,85,,113600,Transport
28-03-2026,UPI/RELIANCE FRESH,1150,,112450,Groceries
28-03-2026,UPI/RELIANCE FRESH,557,,111893,Groceries
29-03-2026,UPI/RELIANCE FRESH,1151,,110742,Groceries
30-03-2026,UPI/CAFE COFFEE DAY,142,,110600,Food
30-03-2026,UPI/FLIPKART,1971,,108629,Shopping
31-03-2026,ATM WDL-XXXX1234,4375,,104254,General
31-03-2026,UPI/DOMINOS,823,,103431,Food
31-03-2026,UPI/FLIPKART,651,,102780,Shopping
01-04-2026,NEFT CR-SALARY-ACME TECH PVT LTD,,125000,227780,Income
02-04-2026,NEFT DR-RENT-PROP MGMT,22000,,205780,Housing
03-04-2026,ACH DR-HDFC HOME LOAN EMI,28500,,177280,EMI
05-04-2026,ACH DR-SBI MF SIP GROWTH,10000,,167280,Investments
07-04-2026,BILLPAY-CREDIT CARD HDFC,21104,,146176,Bills
08-04-2026,UPI/NETFLIX.COM,649,,145527,Entertainment
08-04-2026,UPI/SPOTIFY,119,,145408,Entertainment
12-04-2026,BESCOM ELECTRICITY BILL,1608,,143800,Utilities
12-04-2026,UPI/DMART,2319,,141481,Groceries
12-04-2026,UPI/ZOMATO,746,,140735,Food
13-04-2026,UPI/DMART,1577,,139158,Groceries
13-04-2026,UPI/UBER TRIP,166,,138992,Transport
14-04-2026,UPI/BIGBASKET,2836,,136156,Groceries
15-04-2026,UPI/DMART,1091,,135065,Groceries
15-04-2026,UPI/JIO PREPAID RECHARGE,749,,134316,Utilities
17-04-2026,UPI/DOMINOS,684,,133632,Food
17-04-2026,UPI/DOMINOS,700,,132932,Food
18-04-2026,UPI/AMAZON PAY,2646,,130286,Shopping
18-04-2026,UPI/MCDONALDS,387,,129899,Food
18-04-2026,UPI/MYNTRA,2378,,127521,Shopping
19-04-2026,IMPS CR-FREELANCE CLIENT,,11886,139407,Income
19-04-2026,UPI/RELIANCE FRESH,1221,,138186,Groceries
19-04-2026,UPI/SWIGGY,551,,137635,Food
21-04-2026,UPI/FLIPKART,4233,,133402,Shopping
21-04-2026,UPI/MYNTRA,1093,,132309,Shopping
22-04-2026,UPI/BLINKIT,1171,,131138,Groceries
23-04-2026,UPI/DOMINOS,447,,130691,Food
24-04-2026,UPI/PETROL PUMP HP,2319,,128372,Transport
25-04-2026,UPI/PETROL PUMP HP,732,,127640,Transport
26-04-2026,UPI/DOMINOS,626,,127014,Food
27-04-2026,UPI/ZOMATO,726,,126288,Food
28-04-2026,UPI/SWIGGY,351,,125937,Food
29-04-2026,UPI/APOLLO PHARMACY,1078,,124859,Health
29-04-2026,UPI/HOSPITAL,1164,,123695,Health
30-04-2026,UPI/ZOMATO,258,,123437,Food
